Identificador,Paquete,Promocion,Tarifa,Router
Compra: 400 mbps + Gold Wifi 5,400 Mbps + Gold,INTERNET100%OFF,$0,Nokia G-0425G-C
Compra: 400 mbps + Diamond Wifi 5,400 Mbps + Diamond,INTERNET100%OFF,$0,Nokia G-0425G-C
Compra: 400 mbps + Platino Wifi 5,400 Mbps + Platino,INTERNET100%OFF,$0,Nokia G-0425G-C
Alquiler: 400 mbps + Gold Wifi 5,400 Mbps + Gold,Gold_400Mbps_Alquiler,$0,N NokiaG0425GC1Month
Alquiler: 400 mbps + Diamond Wifi 5,400 Mbps + Diamond,Diamante_400Mbps_Alquiler,$0,N NokiaG0425GC1Month
Alquiler: 400 mbps + Platino Wifi 5,400 Mbps + Platino,Platino_400Mbps_Alquiler,$0,N NokiaG0425GC1Month
Compra: 400 mbps + Gold Wifi 6,400 Mbps + Gold,INTERNET100%OFF,$0,Nokia G-1426G-A
Compra: 400 mbps + Diamond Wifi 6,400 Mbps + Diamond,INTERNET100%OFF,$0,Nokia G-1426G-A
Compra: 400 mbps + Platino Wifi 6,400 Mbps + Platino,INTERNET100%OFF,$0,Nokia G-1426G-A
Alquiler: 400 mbps + Gold Wifi 6,400 Mbps + Gold,Gold_400Mbps_Alquiler,$0,N NokiaG1426GA1Month
Alquiler: 400 mbps + Diamond Wifi 6,400 Mbps + Diamond,Diamante_400Mbps_Alquiler,$0,N NokiaG1426GA1Month
Alquiler: 400 mbps + Platino Wifi 6,400 Mbps + Platino,Platino_400Mbps_Alquiler,$0,N NokiaG1426GA1Month
Compra: 500 mbps + Gold,500 Mbps + Gold,INTERNET100%OFF,$0,Nokia G-1426G-A
Compra: 500 mbps + Diamond,500 Mbps + Diamond,INTERNET100%OFF,$0,Nokia G-1426G-A
Compra: 500 mbps + Platino,500 Mbps + Platino,INTERNET100%OFF,$0,Nokia G-1426G-A
Alquiler: 500 mbps + Gold,500 Mbps + Gold,Gold_500Mbps_Alquiler,$0,N NokiaG1426GA1Month
Alquiler: 500 mbps + Diamond,500 Mbps + Diamond,Diamante_500Mbps_Alquiler,$0,N NokiaG1426GA1Month
Alquiler: 500 mbps + Platino,500 Mbps + Platino,Platino_500Mbps_Alquiler,$0,N NokiaG1426GA1Month
Compra: 600 mbps + Gold,600 Mbps + Gold,INTERNET100%OFF,$0,Nokia G-1426G-A
Compra: 600 mbps + Diamond,600 Mbps + Diamond,INTERNET100%OFF,$0,Nokia G-1426G-A
Compra: 600 mbps + Platino,600 Mbps + Platino,INTERNET100%OFF,$0,Nokia G-1426G-A
Alquiler: 600 mbps + Gold,600 Mbps + Gold,Gold_600Mbps_Alquiler,$0,N NokiaG1426GA1Month
Alquiler: 600 mbps + Diamond,600 Mbps + Diamond,Diamante_600Mbps_Alquiler,$0,N NokiaG1426GA1Month
Alquiler: 600 mbps + Platino,600 Mbps + Platino,Platino_600Mbps_Alquiler,$0,N NokiaG1426GA1Month
Compra: 1000 mbps + Gold,1000 Mbps + Gold,INTERNET100%OFF,$0,Nokia G-1426G-A
Compra: 1000 mbps + Diamond,1000 Mbps + Diamond,INTERNET100%OFF,$0,Nokia G-1426G-A
Compra: 1000 mbps + Platino,1000 Mbps + Platino,INTERNET100%OFF,$0,Nokia G-1426G-A
Alquiler: 1000 mbps + Gold,1000 Mbps + Gold,Gold_1000Mbps_Alquiler,$0,N NokiaG1426GA1Month
Alquiler: 1000 mbps + Diamond,1000 Mbps + Diamond,Diamante_1000Mbps_Alquiler,$0,N NokiaG1426GA1Month
Alquiler: 1000 mbps + Platino,1000 Mbps + Platino,Platino_1000Mbps_Alquiler,$0,N NokiaG1426GA1Month
Compra: 400 mbps + Gold Movies Wifi 5,400 Mbps + Gold Movies,INTERNET100%OFF,$0,Nokia G-0425G-C
Compra: 400 mbps + Platino Movies Wifi 5,400 Mbps + Platino Movies,INTERNET100%OFF,$0,Nokia G-0425G-C
Alquiler: 400 mbps + Gold Movies Wifi 5,400 Mbps + Gold Movies,Movies_400Mbps_Alquiler,$0,N NokiaG0425GC1Month
Alquiler: 400 mbps + Platino Movies Wifi 5,400 Mbps + Platino Movies,Movies_400Mbps_Alquiler,$0,N NokiaG0425GC1Month
Compra: 400 mbps + Gold Movies Wifi 6,400 Mbps + Gold Movies,INTERNET100%OFF,$0,Nokia G-1426G-A
Compra: 400 mbps + Platino Movies Wifi 6,400 Mbps + Platino Movies,INTERNET100%OFF,$0,Nokia G-1426G-A
Alquiler: 400 mbps + Gold Movies Wifi 6,400 Mbps + Gold Movies,Movies_400Mbps_Alquiler,$0,N NokiaG1426GA1Month
Alquiler: 400 mbps + Platino Movies Wifi 6,400 Mbps + Platino Movies,Movies_400Mbps_Alquiler,$0,N NokiaG1426GA1Month
Compra: 500 mbps + Gold Movies,500 Mbps + Gold Movies,INTERNET100%OFF,$0,Nokia G-1426G-A
Compra: 500 mbps + Platino Movies,500 Mbps + Platino Movies,INTERNET100%OFF,$0,Nokia G-1426G-A
Alquiler: 500 mbps + Gold Movies,500 Mbps + Gold Movies,Movies_500Mbps_Alquiler,$0,N NokiaG1426GA1Month
Alquiler: 500 mbps + Platino Movies,500 Mbps + Platino Movies,Movies_500Mbps_Alquiler,$0,N NokiaG1426GA1Month
Compra: 600 mbps + Gold Movies,600 Mbps + Gold Movies,INTERNET100%OFF,$0,Nokia G-1426G-A
Compra: 600 mbps + Platino Movies,600 Mbps + Platino Movies,INTERNET100%OFF,$0,Nokia G-1426G-A
Alquiler: 600 mbps + Gold Movies,600 Mbps + Gold Movies,Movies_600Mbps_Alquiler,$0,N NokiaG1426GA1Month
Alquiler: 600 mbps + Platino Movies,600 Mbps + Platino Movies,Movies_600Mbps_Alquiler,$0,N NokiaG1426GA1Month
Compra: 1000 mbps + Gold Movies,1000 Mbps + Gold Movies,INTERNET100%OFF,$0,Nokia G-1426G-A
Compra: 1000 mbps + Platino Movies,1000 Mbps + Platino Movies,INTERNET100%OFF,$0,Nokia G-1426G-A
Alquiler: 1000 mbps + Gold Movies,1000 Mbps + Gold Movies,Movies_1000Mbps_Alquiler,$0,N NokiaG1426GA1Month
Alquiler: 1000 mbps + Platino Movies,1000 Mbps + Platino Movies,Movies_1000Mbps_Alquiler,$0,N NokiaG1426GA1Month
Compra: 300 mbps + Lite Sports,300 Mbps + Lite Sports,INTERNET100%OFF,$0,Nokia G-1426G-A
Alquiler: 300 mbps + Lite Sports,300 Mbps + Lite Sports,LiteSports_300Mbps_Alquiler_,$0,N NokiaG1426GA1Month
Compra: 300 mbps + Lite Sports 5,300 Mbps + Lite Sports,INTERNET100%OFF,$0,Nokia G-0425G-C
Alquiler: 300 mbps + Lite Sports 5,300 Mbps + Lite Sports,LiteSports_300Mbps_Alquiler_,$0,N NokiaG0425GC1Month
Compra: 400 mbps + Gold Sports Wifi 5,400 Mbps + Gold Sports,INTERNET100%OFF,$0,Nokia G-0425G-C
Compra: 400 mbps + Platino Sports Wifi 5,400 Mbps + Platino Sports,INTERNET100%OFF,$0,Nokia G-0425G-C
Alquiler: 400 mbps + Gold Sports Wifi 5,400 Mbps + Gold Sports,Sports_400Mbps_Alquiler,$0,N NokiaG0425GC1Month
Alquiler: 400 mbps + Platino Sports Wifi 5,400 Mbps + Platino Sports,SportsPlatino_400Mbps_Alquiler,$0,N NokiaG0425GC1Month
Compra: 400 mbps + Gold Sports Wifi 6,400 Mbps + Gold Sports,INTERNET100%OFF,$0,Nokia G-1426G-A
Compra: 400 mbps + Platino Sports Wifi 6,400 Mbps + Platino Sports,INTERNET100%OFF,$0,Nokia G-1426G-A
Alquiler: 400 mbps + Gold Sports Wifi 6,400 Mbps + Gold Sports,Sports_400Mbps_Alquiler,$0,N NokiaG1426GA1Month
Alquiler: 400 mbps + Platino Sports Wifi 6,400 Mbps + Platino Sports,SportsPlatino_400Mbps_Alquiler,$0,N NokiaG1426GA1Month
Compra: 500 mbps + Gold Sports,500 Mbps + Gold Sports,INTERNET100%OFF,$0,Nokia G-1426G-A
Compra: 500 mbps + Platino Sports,500 Mbps + Platino Sports,INTERNET100%OFF,$0,Nokia G-1426G-A
Alquiler: 500 mbps + Gold Sports,500 Mbps + Gold Sports,Sports_500Mbps_Alquiler,$0,N NokiaG1426GA1Month
Alquiler: 500 mbps + Platino Sports,500 Mbps + Platino Sports,SportsPlatino_500Mbps_Alquiler,$0,N NokiaG1426GA1Month
Compra: 600 mbps + Gold Sports,600 Mbps + Gold Sports,INTERNET100%OFF,$0,Nokia G-1426G-A
Compra: 600 mbps + Platino Sports,600 Mbps + Platino Sports,INTERNET100%OFF,$0,Nokia G-1426G-A
Alquiler: 600 mbps + Gold Sports,600 Mbps + Gold Sports,Sports_600Mbps_Alquiler,$0,N NokiaG1426GA1Month
Alquiler: 600 mbps + Platino Sports,600 Mbps + Platino Sports,SportsPlatino_600Mbps_Alquiler,$0,N NokiaG1426GA1Month
Compra: 1000 mbps + Gold Sports,1000 Mbps + Gold Sports,INTERNET100%OFF,$0,Nokia G-1426G-A
Compra: 1000 mbps + Platino Sports,1000 Mbps + Platino Sports,INTERNET100%OFF,$0,Nokia G-1426G-A
Alquiler: 1000 mbps + Gold Sports,1000 Mbps + Gold Sports,Sports_1000Mbps_Alquiler,$0,N NokiaG1426GA1Month
Alquiler: 1000 mbps + Platino Sports,1000 Mbps + Platino Sports,SportsPlatino_1000Mbps_Alquiler,$0,N NokiaG1426GA1Month