Ubicacion,Estado,Ciudad,Municipio,Parroquia,Codigo_Postal,Edificio_Casa
Caracas,Distrito capital,Caracas,Libertador,Urb. colinas de los caobos,1050,Simple centro de transmisiones
Miranda,Miranda,Caracas,Chacao,Urb. el rosal,1060,Torre Directv
Los Teques,Miranda,Los teques,Guaicaipuro,Los teques,1201,Palacio Del Deporte
Nueva Esparta,Nueva esparta,La asuncion,Arismendi,La asuncion,6311,Centro estetico la asuncion
Puerto la cruz,Anzoategui,Puerto la cruz,Juan antonio sotillo,Urb. chuparin,6023,Av venezuela
El Tigre,Anzoategui,El tigre,Simon rodriguez,Sector sur,6050,Papeleria suministros hernandez chacin
Valencia,Carabobo,Valencia,Valencia,Urb. rafael urdaneta,2003,Panaderia los parques
Puerto Cabello,Carabobo,Puerto cabello,Puerto cabello,Urb. travieso paul,2050,FEMAPUERTO LAS LLAVES
Barinas,Barinas,Barinas,Barinas,Barinas,5201,Av 23 de enero
Cumana,Sucre,Cumana,Sucre,Urb. ciudad jardin nueva toledo,6101,La casa de la caña
Cumanacoa,Sucre,Cumanacoa,Montes,Pueblo nuevo,6106,Titos food